{
    "$schema": "https://schema.management.azure.com/schemas/2015-01-01/deploymentParameters.json#",
    "contentVersion": "1.0.0.0",
    "parameters": {
        "extensions_IaaSAntimalware_Paths": {
            "value": null
        },
        "extensions_IaaSAntimalware_Extensions": {
            "value": null
        },
        "extensions_IaaSAntimalware_Processes": {
            "value": null
        },
        "extensions_RestoreCSV_commandToExecute": {
            "value": null
        },
        "extensions_IaaSAntimalware_Paths_1": {
            "value": null
        },
        "extensions_IaaSAntimalware_Extensions_1": {
            "value": null
        },
        "extensions_IaaSAntimalware_Processes_1": {
            "value": null
        },
        "extensions_RestoreDB_commandToExecute": {
            "value": null
        },
        "vulnerabilityAssessments_Default_storageContainerPath": {
            "value": null
        },
        "virtualMachines_FourthCoffee_name": {
            "value": null
        },
        "virtualMachines_VanArsdelLtd_name": {
            "value": null
        },
        "virtualNetworks_FourthCoffee_VNet_name": {
            "value": null
        },
        "virtualNetworks_VanArsdelLtd_VNet_name": {
            "value": null
        },
        "networkInterfaces_FourthCoffee_NIC_name": {
            "value": null
        },
        "networkInterfaces_VanArsdelLtd_NIC_name": {
            "value": null
        },
        "publicIPAddresses_FourthCoffee_PIP_name": {
            "value": null
        },
        "publicIPAddresses_VanArsdelLtd_PIP_name": {
            "value": null
        },
        "networkSecurityGroups_FourthCoffee_NSG_name": {
            "value": null
        },
        "networkSecurityGroups_VanArsdelLtd_NSG_name": {
            "value": null
        },
        "servers_southridge_sqlserver_554ogvehbm5mq_name": {
            "value": null
        },
        "sqlVirtualMachines_VanArsdelLtd_name": {
            "value": null
        },
        "databaseAccounts_southridge_catalog_554ogvehbm5mq_name": {
            "value": null
        }
    }
}