{
    "$schema": "https://schema.management.azure.com/schemas/2015-01-01/deploymentTemplate.json#",
    "contentVersion": "1.0.0.0",
    "parameters": {
        "extensions_IaaSAntimalware_Paths": {
            "type": "SecureString"
        },
        "extensions_IaaSAntimalware_Extensions": {
            "type": "SecureString"
        },
        "extensions_IaaSAntimalware_Processes": {
            "type": "SecureString"
        },
        "extensions_RestoreCSV_commandToExecute": {
            "type": "SecureString"
        },
        "extensions_IaaSAntimalware_Paths_1": {
            "type": "SecureString"
        },
        "extensions_IaaSAntimalware_Extensions_1": {
            "type": "SecureString"
        },
        "extensions_IaaSAntimalware_Processes_1": {
            "type": "SecureString"
        },
        "extensions_RestoreDB_commandToExecute": {
            "type": "SecureString"
        },
        "vulnerabilityAssessments_Default_storageContainerPath": {
            "type": "SecureString"
        },
        "virtualMachines_FourthCoffee_name": {
            "defaultValue": "FourthCoffee",
            "type": "String"
        },
        "virtualMachines_VanArsdelLtd_name": {
            "defaultValue": "VanArsdelLtd",
            "type": "String"
        },
        "virtualNetworks_FourthCoffee_VNet_name": {
            "defaultValue": "FourthCoffee-VNet",
            "type": "String"
        },
        "virtualNetworks_VanArsdelLtd_VNet_name": {
            "defaultValue": "VanArsdelLtd-VNet",
            "type": "String"
        },
        "networkInterfaces_FourthCoffee_NIC_name": {
            "defaultValue": "FourthCoffee-NIC",
            "type": "String"
        },
        "networkInterfaces_VanArsdelLtd_NIC_name": {
            "defaultValue": "VanArsdelLtd-NIC",
            "type": "String"
        },
        "publicIPAddresses_FourthCoffee_PIP_name": {
            "defaultValue": "FourthCoffee-PIP",
            "type": "String"
        },
        "publicIPAddresses_VanArsdelLtd_PIP_name": {
            "defaultValue": "VanArsdelLtd-PIP",
            "type": "String"
        },
        "networkSecurityGroups_FourthCoffee_NSG_name": {
            "defaultValue": "FourthCoffee-NSG",
            "type": "String"
        },
        "networkSecurityGroups_VanArsdelLtd_NSG_name": {
            "defaultValue": "VanArsdelLtd-NSG",
            "type": "String"
        },
        "servers_southridge_sqlserver_554ogvehbm5mq_name": {
            "defaultValue": "southridge-sqlserver-554ogvehbm5mq",
            "type": "String"
        },
        "sqlVirtualMachines_VanArsdelLtd_name": {
            "defaultValue": "VanArsdelLtd",
            "type": "String"
        },
        "databaseAccounts_southridge_catalog_554ogvehbm5mq_name": {
            "defaultValue": "southridge-catalog-554ogvehbm5mq",
            "type": "String"
        }
    },
    "variables": {},
    "resources": [
        {
            "type": "Microsoft.DocumentDB/databaseAccounts",
            "apiVersion": "2019-08-01",
            "name": "[parameters('databaseAccounts_southridge_catalog_554ogvehbm5mq_name')]",
            "location": "East US",
            "kind": "GlobalDocumentDB",
            "properties": {
                "enableAutomaticFailover": false,
                "enableMultipleWriteLocations": false,
                "isVirtualNetworkFilterEnabled": false,
                "virtualNetworkRules": [],
                "disableKeyBasedMetadataWriteAccess": false,
                "databaseAccountOfferType": "Standard",
                "consistencyPolicy": {
                    "defaultConsistencyLevel": "Session",
                    "maxIntervalInSeconds": 5,
                    "maxStalenessPrefix": 100
                },
                "locations": [
                    {
                        "locationName": "East US",
                        "provisioningState": "Succeeded",
                        "failoverPriority": 0,
                        "isZoneRedundant": false
                    }
                ],
                "capabilities": []
            }
        },
        {
            "type": "Microsoft.Network/networkSecurityGroups",
            "apiVersion": "2019-09-01",
            "name": "[parameters('networkSecurityGroups_FourthCoffee_NSG_name')]",
            "location": "eastus",
            "properties": {
                "securityRules": [
                    {
                        "name": "RDP",
                        "properties": {
                            "protocol": "TCP",
                            "sourcePortRange": "*",
                            "destinationPortRange": "3389",
                            "sourceAddressPrefix": "*",
                            "destinationAddressPrefix": "*",
                            "access": "Allow",
                            "priority": 300,
                            "direction": "Inbound",
                            "sourcePortRanges": [],
                            "destinationPortRanges": [],
                            "sourceAddressPrefixes": [],
                            "destinationAddressPrefixes": []
                        }
                    }
                ]
            }
        },
        {
            "type": "Microsoft.Network/networkSecurityGroups",
            "apiVersion": "2019-09-01",
            "name": "[parameters('networkSecurityGroups_VanArsdelLtd_NSG_name')]",
            "location": "eastus",
            "properties": {
                "securityRules": [
                    {
                        "name": "RDP",
                        "properties": {
                            "protocol": "TCP",
                            "sourcePortRange": "*",
                            "destinationPortRange": "3389",
                            "sourceAddressPrefix": "*",
                            "destinationAddressPrefix": "*",
                            "access": "Allow",
                            "priority": 300,
                            "direction": "Inbound",
                            "sourcePortRanges": [],
                            "destinationPortRanges": [],
                            "sourceAddressPrefixes": [],
                            "destinationAddressPrefixes": []
                        }
                    }
                ]
            }
        },
        {
            "type": "Microsoft.Network/publicIPAddresses",
            "apiVersion": "2019-09-01",
            "name": "[parameters('publicIPAddresses_FourthCoffee_PIP_name')]",
            "location": "eastus",
            "sku": {
                "name": "Basic"
            },
            "properties": {
                "ipAddress": "52.224.181.95",
                "publicIPAddressVersion": "IPv4",
                "publicIPAllocationMethod": "Dynamic",
                "idleTimeoutInMinutes": 4,
                "ipTags": []
            }
        },
        {
            "type": "Microsoft.Network/publicIPAddresses",
            "apiVersion": "2019-09-01",
            "name": "[parameters('publicIPAddresses_VanArsdelLtd_PIP_name')]",
            "location": "eastus",
            "sku": {
                "name": "Basic"
            },
            "properties": {
                "ipAddress": "13.72.66.121",
                "publicIPAddressVersion": "IPv4",
                "publicIPAllocationMethod": "Dynamic",
                "idleTimeoutInMinutes": 4,
                "ipTags": []
            }
        },
        {
            "type": "Microsoft.Network/virtualNetworks",
            "apiVersion": "2019-09-01",
            "name": "[parameters('virtualNetworks_FourthCoffee_VNet_name')]",
            "location": "eastus",
            "properties": {
                "addressSpace": {
                    "addressPrefixes": [
                        "10.0.0.0/24"
                    ]
                },
                "subnets": [
                    {
                        "name": "default",
                        "properties": {
                            "addressPrefix": "10.0.0.0/24",
                            "delegations": [],
                            "privateEndpointNetworkPolicies": "Enabled",
                            "privateLinkServiceNetworkPolicies": "Enabled"
                        }
                    }
                ],
                "virtualNetworkPeerings": [],
                "enableDdosProtection": false,
                "enableVmProtection": false
            }
        },
        {
            "type": "Microsoft.Network/virtualNetworks",
            "apiVersion": "2019-09-01",
            "name": "[parameters('virtualNetworks_VanArsdelLtd_VNet_name')]",
            "location": "eastus",
            "properties": {
                "addressSpace": {
                    "addressPrefixes": [
                        "10.0.0.0/24"
                    ]
                },
                "subnets": [
                    {
                        "name": "default",
                        "properties": {
                            "addressPrefix": "10.0.0.0/24",
                            "delegations": [],
                            "privateEndpointNetworkPolicies": "Enabled",
                            "privateLinkServiceNetworkPolicies": "Enabled"
                        }
                    }
                ],
                "virtualNetworkPeerings": [],
                "enableDdosProtection": false,
                "enableVmProtection": false
            }
        },
        {
            "type": "Microsoft.Sql/servers",
            "apiVersion": "2015-05-01-preview",
            "name": "[parameters('servers_southridge_sqlserver_554ogvehbm5mq_name')]",
            "location": "eastus",
            "tags": {
                "displayName": "southridge-sqlserver"
            },
            "kind": "v12.0",
            "properties": {
                "administratorLogin": "southridge",
                "version": "12.0"
            }
        },
        {
            "type": "Microsoft.Compute/virtualMachines",
            "apiVersion": "2019-03-01",
            "name": "[parameters('virtualMachines_FourthCoffee_name')]",
            "location": "eastus",
            "dependsOn": [
                "[resourceId('Microsoft.Network/networkInterfaces', parameters('networkInterfaces_FourthCoffee_NIC_name'))]"
            ],
            "identity": {
                "principalId": "45dd539b-10f6-42cc-8428-50c6f5f63500",
                "tenantId": "cd2f4a08-ded3-4e30-ae5e-1e1346231aeb",
                "type": "SystemAssigned"
            },
            "properties": {
                "hardwareProfile": {
                    "vmSize": "Standard_D3_v2"
                },
                "storageProfile": {
                    "imageReference": {
                        "publisher": "MicrosoftWindowsServer",
                        "offer": "WindowsServer",
                        "sku": "2016-Datacenter",
                        "version": "latest"
                    },
                    "osDisk": {
                        "osType": "Windows",
                        "name": "[concat(parameters('virtualMachines_FourthCoffee_name'), '_OsDisk_1_1a7992b972414272ba18059e90b66491')]",
                        "createOption": "FromImage",
                        "caching": "ReadWrite",
                        "managedDisk": {
                            "storageAccountType": "Standard_LRS",
                            "id": "[resourceId('Microsoft.Compute/disks', concat(parameters('virtualMachines_FourthCoffee_name'), '_OsDisk_1_1a7992b972414272ba18059e90b66491'))]"
                        },
                        "diskSizeGB": 127
                    },
                    "dataDisks": []
                },
                "osProfile": {
                    "computerName": "[parameters('virtualMachines_FourthCoffee_name')]",
                    "adminUsername": "openhackadmin",
                    "windowsConfiguration": {
                        "provisionVMAgent": true,
                        "enableAutomaticUpdates": true
                    },
                    "secrets": [],
                    "allowExtensionOperations": true
                },
                "networkProfile": {
                    "networkInterfaces": [
                        {
                            "id": "[resourceId('Microsoft.Network/networkInterfaces', parameters('networkInterfaces_FourthCoffee_NIC_name'))]"
                        }
                    ]
                }
            }
        },
        {
            "type": "Microsoft.Compute/virtualMachines",
            "apiVersion": "2019-03-01",
            "name": "[parameters('virtualMachines_VanArsdelLtd_name')]",
            "location": "eastus",
            "dependsOn": [
                "[resourceId('Microsoft.Network/networkInterfaces', parameters('networkInterfaces_VanArsdelLtd_NIC_name'))]"
            ],
            "properties": {
                "hardwareProfile": {
                    "vmSize": "Standard_D3_v2"
                },
                "storageProfile": {
                    "imageReference": {
                        "publisher": "MicrosoftSQLServer",
                        "offer": "SQL2017-WS2016",
                        "sku": "Standard",
                        "version": "latest"
                    },
                    "osDisk": {
                        "osType": "Windows",
                        "name": "[concat(parameters('virtualMachines_VanArsdelLtd_name'), '_OsDisk_1_cdee673dc6744b7da5e92e3349814296')]",
                        "createOption": "FromImage",
                        "caching": "ReadWrite",
                        "managedDisk": {
                            "storageAccountType": "Standard_LRS",
                            "id": "[resourceId('Microsoft.Compute/disks', concat(parameters('virtualMachines_VanArsdelLtd_name'), '_OsDisk_1_cdee673dc6744b7da5e92e3349814296'))]"
                        },
                        "diskSizeGB": 127
                    },
                    "dataDisks": [
                        {
                            "lun": 0,
                            "name": "[concat(parameters('virtualMachines_VanArsdelLtd_name'), '_disk2_323c5995a69d4b188f65e51b0e1bf488')]",
                            "createOption": "Empty",
                            "caching": "ReadOnly",
                            "managedDisk": {
                                "storageAccountType": "Standard_LRS",
                                "id": "[resourceId('Microsoft.Compute/disks', concat(parameters('virtualMachines_VanArsdelLtd_name'), '_disk2_323c5995a69d4b188f65e51b0e1bf488'))]"
                            },
                            "diskSizeGB": 1023,
                            "toBeDetached": false
                        }
                    ]
                },
                "osProfile": {
                    "computerName": "[parameters('virtualMachines_VanArsdelLtd_name')]",
                    "adminUsername": "openhackadmin",
                    "windowsConfiguration": {
                        "provisionVMAgent": true,
                        "enableAutomaticUpdates": true
                    },
                    "secrets": [],
                    "allowExtensionOperations": true
                },
                "networkProfile": {
                    "networkInterfaces": [
                        {
                            "id": "[resourceId('Microsoft.Network/networkInterfaces', parameters('networkInterfaces_VanArsdelLtd_NIC_name'))]"
                        }
                    ]
                }
            }
        },
        {
            "type": "Microsoft.Compute/virtualMachines/extensions",
            "apiVersion": "2019-03-01",
            "name": "[concat(parameters('virtualMachines_FourthCoffee_name'), '/IaaSAntimalware')]",
            "location": "eastus",
            "dependsOn": [
                "[resourceId('Microsoft.Compute/virtualMachines', parameters('virtualMachines_FourthCoffee_name'))]"
            ],
            "properties": {
                "autoUpgradeMinorVersion": true,
                "publisher": "Microsoft.Azure.Security",
                "type": "IaaSAntimalware",
                "typeHandlerVersion": "1.3",
                "settings": {
                    "AntimalwareEnabled": true,
                    "RealtimeProtectionEnabled": "true",
                    "ScheduledScanSettings": {
                        "isEnabled": "false",
                        "day": "7",
                        "time": "120",
                        "scanType": "Quick"
                    },
                    "Exclusions": {
                        "Paths": "[parameters('extensions_IaaSAntimalware_Paths')]",
                        "Extensions": "[parameters('extensions_IaaSAntimalware_Extensions')]",
                        "Processes": "[parameters('extensions_IaaSAntimalware_Processes')]"
                    }
                }
            }
        },
        {
            "type": "Microsoft.Compute/virtualMachines/extensions",
            "apiVersion": "2019-03-01",
            "name": "[concat(parameters('virtualMachines_VanArsdelLtd_name'), '/IaaSAntimalware')]",
            "location": "eastus",
            "dependsOn": [
                "[resourceId('Microsoft.Compute/virtualMachines', parameters('virtualMachines_VanArsdelLtd_name'))]"
            ],
            "properties": {
                "autoUpgradeMinorVersion": true,
                "publisher": "Microsoft.Azure.Security",
                "type": "IaaSAntimalware",
                "typeHandlerVersion": "1.3",
                "settings": {
                    "AntimalwareEnabled": true,
                    "RealtimeProtectionEnabled": "true",
                    "ScheduledScanSettings": {
                        "isEnabled": "false",
                        "day": "7",
                        "time": "120",
                        "scanType": "Quick"
                    },
                    "Exclusions": {
                        "Paths": "[parameters('extensions_IaaSAntimalware_Paths_1')]",
                        "Extensions": "[parameters('extensions_IaaSAntimalware_Extensions_1')]",
                        "Processes": "[parameters('extensions_IaaSAntimalware_Processes_1')]"
                    }
                }
            }
        },
        {
            "type": "Microsoft.Compute/virtualMachines/extensions",
            "apiVersion": "2019-03-01",
            "name": "[concat(parameters('virtualMachines_FourthCoffee_name'), '/RestoreCSV')]",
            "location": "eastus",
            "dependsOn": [
                "[resourceId('Microsoft.Compute/virtualMachines', parameters('virtualMachines_FourthCoffee_name'))]"
            ],
            "tags": {
                "displayName": "RestoreCSV"
            },
            "properties": {
                "autoUpgradeMinorVersion": true,
                "publisher": "Microsoft.Compute",
                "type": "CustomScriptExtension",
                "typeHandlerVersion": "1.9",
                "settings": {
                    "fileUris": [
                        "https://ohmdwstor.blob.core.windows.net/deployscripts/FileVMExtensionDriver.ps1",
                        "https://ohmdwstor.blob.core.windows.net/deployscripts/RetrieveCSV.ps1",
                        "https://ohmdwstor.blob.core.windows.net/deployscripts/DisableIEESC.ps1",
                        "https://ohmdwstor.blob.core.windows.net/deployscripts/CreateAndPopulateCosmos.ps1"
                    ],
                    "commandToExecute": "[parameters('extensions_RestoreCSV_commandToExecute')]"
                },
                "protectedSettings": {}
            }
        },
        {
            "type": "Microsoft.Compute/virtualMachines/extensions",
            "apiVersion": "2019-03-01",
            "name": "[concat(parameters('virtualMachines_VanArsdelLtd_name'), '/RestoreDB')]",
            "location": "eastus",
            "dependsOn": [
                "[resourceId('Microsoft.Compute/virtualMachines', parameters('virtualMachines_VanArsdelLtd_name'))]"
            ],
            "tags": {
                "displayName": "RestoreDB"
            },
            "properties": {
                "autoUpgradeMinorVersion": true,
                "publisher": "Microsoft.Compute",
                "type": "CustomScriptExtension",
                "typeHandlerVersion": "1.9",
                "settings": {
                    "fileUris": [
                        "https://ohmdwstor.blob.core.windows.net/deployscripts/DeploySQLVM.ps1",
                        "https://ohmdwstor.blob.core.windows.net/deployscripts/DisableIEESC.ps1",
                        "https://ohmdwstor.blob.core.windows.net/deployscripts/SqlVMExtensionDriver.ps1"
                    ],
                    "commandToExecute": "[parameters('extensions_RestoreDB_commandToExecute')]"
                },
                "protectedSettings": {}
            }
        },
        {
            "type": "Microsoft.DocumentDB/databaseAccounts/sqlDatabases",
            "apiVersion": "2019-08-01",
            "name": "[concat(parameters('databaseAccounts_southridge_catalog_554ogvehbm5mq_name'), '/southridge')]",
            "dependsOn": [
                "[resourceId('Microsoft.DocumentDB/databaseAccounts', parameters('databaseAccounts_southridge_catalog_554ogvehbm5mq_name'))]"
            ],
            "properties": {
                "resource": {
                    "id": "southridge"
                },
                "options": {}
            }
        },
        {
            "type": "Microsoft.Network/networkSecurityGroups/securityRules",
            "apiVersion": "2019-09-01",
            "name": "[concat(parameters('networkSecurityGroups_FourthCoffee_NSG_name'), '/RDP')]",
            "dependsOn": [
                "[resourceId('Microsoft.Network/networkSecurityGroups', parameters('networkSecurityGroups_FourthCoffee_NSG_name'))]"
            ],
            "properties": {
                "protocol": "TCP",
                "sourcePortRange": "*",
                "destinationPortRange": "3389",
                "sourceAddressPrefix": "*",
                "destinationAddressPrefix": "*",
                "access": "Allow",
                "priority": 300,
                "direction": "Inbound",
                "sourcePortRanges": [],
                "destinationPortRanges": [],
                "sourceAddressPrefixes": [],
                "destinationAddressPrefixes": []
            }
        },
        {
            "type": "Microsoft.Network/networkSecurityGroups/securityRules",
            "apiVersion": "2019-09-01",
            "name": "[concat(parameters('networkSecurityGroups_VanArsdelLtd_NSG_name'), '/RDP')]",
            "dependsOn": [
                "[resourceId('Microsoft.Network/networkSecurityGroups', parameters('networkSecurityGroups_VanArsdelLtd_NSG_name'))]"
            ],
            "properties": {
                "protocol": "TCP",
                "sourcePortRange": "*",
                "destinationPortRange": "3389",
                "sourceAddressPrefix": "*",
                "destinationAddressPrefix": "*",
                "access": "Allow",
                "priority": 300,
                "direction": "Inbound",
                "sourcePortRanges": [],
                "destinationPortRanges": [],
                "sourceAddressPrefixes": [],
                "destinationAddressPrefixes": []
            }
        },
        {
            "type": "Microsoft.Network/virtualNetworks/subnets",
            "apiVersion": "2019-09-01",
            "name": "[concat(parameters('virtualNetworks_FourthCoffee_VNet_name'), '/default')]",
            "dependsOn": [
                "[resourceId('Microsoft.Network/virtualNetworks', parameters('virtualNetworks_FourthCoffee_VNet_name'))]"
            ],
            "properties": {
                "addressPrefix": "10.0.0.0/24",
                "delegations": [],
                "privateEndpointNetworkPolicies": "Enabled",
                "privateLinkServiceNetworkPolicies": "Enabled"
            }
        },
        {
            "type": "Microsoft.Network/virtualNetworks/subnets",
            "apiVersion": "2019-09-01",
            "name": "[concat(parameters('virtualNetworks_VanArsdelLtd_VNet_name'), '/default')]",
            "dependsOn": [
                "[resourceId('Microsoft.Network/virtualNetworks', parameters('virtualNetworks_VanArsdelLtd_VNet_name'))]"
            ],
            "properties": {
                "addressPrefix": "10.0.0.0/24",
                "delegations": [],
                "privateEndpointNetworkPolicies": "Enabled",
                "privateLinkServiceNetworkPolicies": "Enabled"
            }
        },
        {
            "type": "Microsoft.Sql/servers/administrators",
            "apiVersion": "2014-04-01",
            "name": "[concat(parameters('servers_southridge_sqlserver_554ogvehbm5mq_name'), '/ActiveDirectory')]",
            "location": "East US",
            "dependsOn": [
                "[resourceId('Microsoft.Sql/servers', parameters('servers_southridge_sqlserver_554ogvehbm5mq_name'))]"
            ],
            "properties": {
                "administratorType": "ActiveDirectory",
                "login": "abhishek.dewangan@microsoft.com",
                "sid": "3e72b687-a3cf-4de1-9f9b-05534e9179f9",
                "tenantId": "cd2f4a08-ded3-4e30-ae5e-1e1346231aeb"
            }
        },
        {
            "type": "Microsoft.Sql/servers/advisors",
            "apiVersion": "2014-04-01",
            "name": "[concat(parameters('servers_southridge_sqlserver_554ogvehbm5mq_name'), '/CreateIndex')]",
            "dependsOn": [
                "[resourceId('Microsoft.Sql/servers', parameters('servers_southridge_sqlserver_554ogvehbm5mq_name'))]"
            ],
            "properties": {
                "autoExecuteValue": "Disabled"
            }
        },
        {
            "type": "Microsoft.Sql/servers/advisors",
            "apiVersion": "2014-04-01",
            "name": "[concat(parameters('servers_southridge_sqlserver_554ogvehbm5mq_name'), '/DbParameterization')]",
            "dependsOn": [
                "[resourceId('Microsoft.Sql/servers', parameters('servers_southridge_sqlserver_554ogvehbm5mq_name'))]"
            ],
            "properties": {
                "autoExecuteValue": "Disabled"
            }
        },
        {
            "type": "Microsoft.Sql/servers/advisors",
            "apiVersion": "2014-04-01",
            "name": "[concat(parameters('servers_southridge_sqlserver_554ogvehbm5mq_name'), '/DefragmentIndex')]",
            "dependsOn": [
                "[resourceId('Microsoft.Sql/servers', parameters('servers_southridge_sqlserver_554ogvehbm5mq_name'))]"
            ],
            "properties": {
                "autoExecuteValue": "Disabled"
            }
        },
        {
            "type": "Microsoft.Sql/servers/advisors",
            "apiVersion": "2014-04-01",
            "name": "[concat(parameters('servers_southridge_sqlserver_554ogvehbm5mq_name'), '/DropIndex')]",
            "dependsOn": [
                "[resourceId('Microsoft.Sql/servers', parameters('servers_southridge_sqlserver_554ogvehbm5mq_name'))]"
            ],
            "properties": {
                "autoExecuteValue": "Disabled"
            }
        },
        {
            "type": "Microsoft.Sql/servers/advisors",
            "apiVersion": "2014-04-01",
            "name": "[concat(parameters('servers_southridge_sqlserver_554ogvehbm5mq_name'), '/ForceLastGoodPlan')]",
            "dependsOn": [
                "[resourceId('Microsoft.Sql/servers', parameters('servers_southridge_sqlserver_554ogvehbm5mq_name'))]"
            ],
            "properties": {
                "autoExecuteValue": "Disabled"
            }
        },
        {
            "type": "Microsoft.Sql/servers/auditingPolicies",
            "apiVersion": "2014-04-01",
            "name": "[concat(parameters('servers_southridge_sqlserver_554ogvehbm5mq_name'), '/Default')]",
            "location": "East US",
            "dependsOn": [
                "[resourceId('Microsoft.Sql/servers', parameters('servers_southridge_sqlserver_554ogvehbm5mq_name'))]"
            ],
            "properties": {
                "auditingState": "Disabled"
            }
        },
        {
            "type": "Microsoft.Sql/servers/auditingSettings",
            "apiVersion": "2017-03-01-preview",
            "name": "[concat(parameters('servers_southridge_sqlserver_554ogvehbm5mq_name'), '/Default')]",
            "dependsOn": [
                "[resourceId('Microsoft.Sql/servers', parameters('servers_southridge_sqlserver_554ogvehbm5mq_name'))]"
            ],
            "properties": {
                "state": "Disabled",
                "retentionDays": 0,
                "auditActionsAndGroups": [],
                "storageAccountSubscriptionId": "00000000-0000-0000-0000-000000000000",
                "isStorageSecondaryKeyInUse": false,
                "isAzureMonitorTargetEnabled": false
            }
        },
        {
            "type": "Microsoft.Sql/servers/databases",
            "apiVersion": "2019-06-01-preview",
            "name": "[concat(parameters('servers_southridge_sqlserver_554ogvehbm5mq_name'), '/CloudSales')]",
            "location": "eastus",
            "dependsOn": [
                "[resourceId('Microsoft.Sql/servers', parameters('servers_southridge_sqlserver_554ogvehbm5mq_name'))]"
            ],
            "tags": {
                "displayName": "CloudSales"
            },
            "sku": {
                "name": "Standard",
                "tier": "Standard",
                "capacity": 50
            },
            "kind": "v12.0,user",
            "properties": {
                "collation": "SQL_Latin1_General_CP1_CI_AS",
                "maxSizeBytes": 1073741824,
                "catalogCollation": "SQL_Latin1_General_CP1_CI_AS",
                "zoneRedundant": false,
                "readScale": "Disabled",
                "readReplicaCount": 0,
                "storageAccountType": "GRS"
            }
        },
        {
            "type": "Microsoft.Sql/servers/databases",
            "apiVersion": "2019-06-01-preview",
            "name": "[concat(parameters('servers_southridge_sqlserver_554ogvehbm5mq_name'), '/CloudStreaming')]",
            "location": "eastus",
            "dependsOn": [
                "[resourceId('Microsoft.Sql/servers', parameters('servers_southridge_sqlserver_554ogvehbm5mq_name'))]"
            ],
            "tags": {
                "displayName": "CloudStreaming"
            },
            "sku": {
                "name": "Standard",
                "tier": "Standard",
                "capacity": 50
            },
            "kind": "v12.0,user",
            "properties": {
                "collation": "SQL_Latin1_General_CP1_CI_AS",
                "maxSizeBytes": 1073741824,
                "catalogCollation": "SQL_Latin1_General_CP1_CI_AS",
                "zoneRedundant": false,
                "readScale": "Disabled",
                "readReplicaCount": 0,
                "storageAccountType": "GRS"
            }
        },
        {
            "type": "Microsoft.Sql/servers/databases/auditingPolicies",
            "apiVersion": "2014-04-01",
            "name": "[concat(parameters('servers_southridge_sqlserver_554ogvehbm5mq_name'), '/master/Default')]",
            "location": "East US",
            "dependsOn": [
                "[resourceId('Microsoft.Sql/servers', parameters('servers_southridge_sqlserver_554ogvehbm5mq_name'))]"
            ],
            "properties": {
                "auditingState": "Disabled"
            }
        },
        {
            "type": "Microsoft.Sql/servers/databases/auditingSettings",
            "apiVersion": "2017-03-01-preview",
            "name": "[concat(parameters('servers_southridge_sqlserver_554ogvehbm5mq_name'), '/master/Default')]",
            "dependsOn": [
                "[resourceId('Microsoft.Sql/servers', parameters('servers_southridge_sqlserver_554ogvehbm5mq_name'))]"
            ],
            "properties": {
                "state": "Disabled",
                "retentionDays": 0,
                "storageAccountSubscriptionId": "00000000-0000-0000-0000-000000000000",
                "isStorageSecondaryKeyInUse": false,
                "isAzureMonitorTargetEnabled": false
            }
        },
        {
            "type": "Microsoft.Sql/servers/databases/extendedAuditingSettings",
            "apiVersion": "2017-03-01-preview",
            "name": "[concat(parameters('servers_southridge_sqlserver_554ogvehbm5mq_name'), '/master/Default')]",
            "dependsOn": [
                "[resourceId('Microsoft.Sql/servers', parameters('servers_southridge_sqlserver_554ogvehbm5mq_name'))]"
            ],
            "properties": {
                "state": "Disabled",
                "retentionDays": 0,
                "storageAccountSubscriptionId": "00000000-0000-0000-0000-000000000000",
                "isStorageSecondaryKeyInUse": false,
                "isAzureMonitorTargetEnabled": false
            }
        },
        {
            "type": "Microsoft.Sql/servers/databases/geoBackupPolicies",
            "apiVersion": "2014-04-01",
            "name": "[concat(parameters('servers_southridge_sqlserver_554ogvehbm5mq_name'), '/master/Default')]",
            "location": "East US",
            "dependsOn": [
                "[resourceId('Microsoft.Sql/servers', parameters('servers_southridge_sqlserver_554ogvehbm5mq_name'))]"
            ],
            "properties": {
                "state": "Enabled"
            }
        },
        {
            "type": "Microsoft.Sql/servers/databases/securityAlertPolicies",
            "apiVersion": "2018-06-01-preview",
            "name": "[concat(parameters('servers_southridge_sqlserver_554ogvehbm5mq_name'), '/master/Default')]",
            "dependsOn": [
                "[resourceId('Microsoft.Sql/servers', parameters('servers_southridge_sqlserver_554ogvehbm5mq_name'))]"
            ],
            "properties": {
                "state": "Disabled",
                "disabledAlerts": [
                    ""
                ],
                "emailAddresses": [
                    ""
                ],
                "emailAccountAdmins": false,
                "retentionDays": 0
            }
        },
        {
            "type": "Microsoft.Sql/servers/databases/transparentDataEncryption",
            "apiVersion": "2014-04-01",
            "name": "[concat(parameters('servers_southridge_sqlserver_554ogvehbm5mq_name'), '/master/current')]",
            "location": "East US",
            "dependsOn": [
                "[resourceId('Microsoft.Sql/servers', parameters('servers_southridge_sqlserver_554ogvehbm5mq_name'))]"
            ],
            "properties": {
                "status": "Disabled"
            }
        },
        {
            "type": "Microsoft.Sql/servers/databases/vulnerabilityAssessments",
            "apiVersion": "2017-03-01-preview",
            "name": "[concat(parameters('servers_southridge_sqlserver_554ogvehbm5mq_name'), '/master/Default')]",
            "dependsOn": [
                "[resourceId('Microsoft.Sql/servers', parameters('servers_southridge_sqlserver_554ogvehbm5mq_name'))]"
            ],
            "properties": {
                "recurringScans": {
                    "isEnabled": false,
                    "emailSubscriptionAdmins": true
                }
            }
        },
        {
            "type": "Microsoft.Sql/servers/encryptionProtector",
            "apiVersion": "2015-05-01-preview",
            "name": "[concat(parameters('servers_southridge_sqlserver_554ogvehbm5mq_name'), '/current')]",
            "dependsOn": [
                "[resourceId('Microsoft.Sql/servers', parameters('servers_southridge_sqlserver_554ogvehbm5mq_name'))]"
            ],
            "kind": "servicemanaged",
            "properties": {
                "serverKeyName": "ServiceManaged",
                "serverKeyType": "ServiceManaged"
            }
        },
        {
            "type": "Microsoft.Sql/servers/extendedAuditingSettings",
            "apiVersion": "2017-03-01-preview",
            "name": "[concat(parameters('servers_southridge_sqlserver_554ogvehbm5mq_name'), '/Default')]",
            "dependsOn": [
                "[resourceId('Microsoft.Sql/servers', parameters('servers_southridge_sqlserver_554ogvehbm5mq_name'))]"
            ],
            "properties": {
                "state": "Disabled",
                "retentionDays": 0,
                "auditActionsAndGroups": [],
                "storageAccountSubscriptionId": "00000000-0000-0000-0000-000000000000",
                "isStorageSecondaryKeyInUse": false,
                "isAzureMonitorTargetEnabled": false
            }
        },
        {
            "type": "Microsoft.Sql/servers/firewallRules",
            "apiVersion": "2015-05-01-preview",
            "name": "[concat(parameters('servers_southridge_sqlserver_554ogvehbm5mq_name'), '/AllowAllWindowsAzureIps')]",
            "dependsOn": [
                "[resourceId('Microsoft.Sql/servers', parameters('servers_southridge_sqlserver_554ogvehbm5mq_name'))]"
            ],
            "properties": {
                "startIpAddress": "0.0.0.0",
                "endIpAddress": "0.0.0.0"
            }
        },
        {
            "type": "Microsoft.Sql/servers/firewallRules",
            "apiVersion": "2015-05-01-preview",
            "name": "[concat(parameters('servers_southridge_sqlserver_554ogvehbm5mq_name'), '/ClientIPAddress_2020-01-07_04:45:15')]",
            "dependsOn": [
                "[resourceId('Microsoft.Sql/servers', parameters('servers_southridge_sqlserver_554ogvehbm5mq_name'))]"
            ],
            "properties": {
                "startIpAddress": "167.220.197.107",
                "endIpAddress": "167.220.197.107"
            }
        },
        {
            "type": "Microsoft.Sql/servers/keys",
            "apiVersion": "2015-05-01-preview",
            "name": "[concat(parameters('servers_southridge_sqlserver_554ogvehbm5mq_name'), '/ServiceManaged')]",
            "dependsOn": [
                "[resourceId('Microsoft.Sql/servers', parameters('servers_southridge_sqlserver_554ogvehbm5mq_name'))]"
            ],
            "kind": "servicemanaged",
            "properties": {
                "serverKeyType": "ServiceManaged"
            }
        },
        {
            "type": "Microsoft.Sql/servers/securityAlertPolicies",
            "apiVersion": "2017-03-01-preview",
            "name": "[concat(parameters('servers_southridge_sqlserver_554ogvehbm5mq_name'), '/Default')]",
            "dependsOn": [
                "[resourceId('Microsoft.Sql/servers', parameters('servers_southridge_sqlserver_554ogvehbm5mq_name'))]"
            ],
            "properties": {
                "state": "Enabled",
                "disabledAlerts": [
                    ""
                ],
                "emailAddresses": [
                    ""
                ],
                "emailAccountAdmins": true,
                "retentionDays": 0
            }
        },
        {
            "type": "Microsoft.Sql/servers/vulnerabilityAssessments",
            "apiVersion": "2018-06-01-preview",
            "name": "[concat(parameters('servers_southridge_sqlserver_554ogvehbm5mq_name'), '/Default')]",
            "dependsOn": [
                "[resourceId('Microsoft.Sql/servers', parameters('servers_southridge_sqlserver_554ogvehbm5mq_name'))]"
            ],
            "properties": {
                "recurringScans": {
                    "isEnabled": false,
                    "emailSubscriptionAdmins": true
                },
                "storageContainerPath": "[parameters('vulnerabilityAssessments_Default_storageContainerPath')]"
            }
        },
        {
            "type": "Microsoft.SqlVirtualMachine/sqlVirtualMachines",
            "apiVersion": "2017-03-01-preview",
            "name": "[parameters('sqlVirtualMachines_VanArsdelLtd_name')]",
            "location": "eastus",
            "dependsOn": [
                "[resourceId('Microsoft.Compute/virtualMachines', parameters('virtualMachines_VanArsdelLtd_name'))]"
            ],
            "properties": {
                "virtualMachineResourceId": "[resourceId('Microsoft.Compute/virtualMachines', parameters('virtualMachines_VanArsdelLtd_name'))]",
                "sqlImageOffer": "SQL2017-WS2016",
                "sqlServerLicenseType": "PAYG",
                "sqlManagement": "Full",
                "sqlImageSku": "Standard"
            }
        },
        {
            "type": "Microsoft.DocumentDB/databaseAccounts/sqlDatabases/containers",
            "apiVersion": "2019-08-01",
            "name": "[concat(parameters('databaseAccounts_southridge_catalog_554ogvehbm5mq_name'), '/southridge/movies')]",
            "dependsOn": [
                "[resourceId('Microsoft.DocumentDB/databaseAccounts/sqlDatabases', parameters('databaseAccounts_southridge_catalog_554ogvehbm5mq_name'), 'southridge')]",
                "[resourceId('Microsoft.DocumentDB/databaseAccounts', parameters('databaseAccounts_southridge_catalog_554ogvehbm5mq_name'))]"
            ],
            "properties": {
                "resource": {
                    "id": "movies",
                    "indexingPolicy": {
                        "indexingMode": "consistent",
                        "automatic": true,
                        "includedPaths": [
                            {
                                "path": "/*",
                                "indexes": [
                                    {
                                        "kind": "Range",
                                        "dataType": "Number",
                                        "precision": -1
                                    },
                                    {
                                        "kind": "Range",
                                        "dataType": "String",
                                        "precision": -1
                                    }
                                ]
                            }
                        ],
                        "excludedPaths": [
                            {
                                "path": "/\"_etag\"/?"
                            }
                        ]
                    },
                    "partitionKey": {
                        "paths": [
                            "/genre"
                        ],
                        "kind": "Hash"
                    },
                    "conflictResolutionPolicy": {
                        "mode": "LastWriterWins",
                        "conflictResolutionPath": "/_ts"
                    }
                },
                "options": {}
            }
        },
        {
            "type": "Microsoft.Sql/servers/databases/advisors",
            "apiVersion": "2014-04-01",
            "name": "[concat(parameters('servers_southridge_sqlserver_554ogvehbm5mq_name'), '/CloudSales/CreateIndex')]",
            "dependsOn": [
                "[resourceId('Microsoft.Sql/servers/databases', parameters('servers_southridge_sqlserver_554ogvehbm5mq_name'), 'CloudSales')]",
                "[resourceId('Microsoft.Sql/servers', parameters('servers_southridge_sqlserver_554ogvehbm5mq_name'))]"
            ],
            "properties": {
                "autoExecuteValue": "Disabled"
            }
        },
        {
            "type": "Microsoft.Sql/servers/databases/advisors",
            "apiVersion": "2014-04-01",
            "name": "[concat(parameters('servers_southridge_sqlserver_554ogvehbm5mq_name'), '/CloudStreaming/CreateIndex')]",
            "dependsOn": [
                "[resourceId('Microsoft.Sql/servers/databases', parameters('servers_southridge_sqlserver_554ogvehbm5mq_name'), 'CloudStreaming')]",
                "[resourceId('Microsoft.Sql/servers', parameters('servers_southridge_sqlserver_554ogvehbm5mq_name'))]"
            ],
            "properties": {
                "autoExecuteValue": "Disabled"
            }
        },
        {
            "type": "Microsoft.Sql/servers/databases/advisors",
            "apiVersion": "2014-04-01",
            "name": "[concat(parameters('servers_southridge_sqlserver_554ogvehbm5mq_name'), '/CloudSales/DbParameterization')]",
            "dependsOn": [
                "[resourceId('Microsoft.Sql/servers/databases', parameters('servers_southridge_sqlserver_554ogvehbm5mq_name'), 'CloudSales')]",
                "[resourceId('Microsoft.Sql/servers', parameters('servers_southridge_sqlserver_554ogvehbm5mq_name'))]"
            ],
            "properties": {
                "autoExecuteValue": "Disabled"
            }
        },
        {
            "type": "Microsoft.Sql/servers/databases/advisors",
            "apiVersion": "2014-04-01",
            "name": "[concat(parameters('servers_southridge_sqlserver_554ogvehbm5mq_name'), '/CloudStreaming/DbParameterization')]",
            "dependsOn": [
                "[resourceId('Microsoft.Sql/servers/databases', parameters('servers_southridge_sqlserver_554ogvehbm5mq_name'), 'CloudStreaming')]",
                "[resourceId('Microsoft.Sql/servers', parameters('servers_southridge_sqlserver_554ogvehbm5mq_name'))]"
            ],
            "properties": {
                "autoExecuteValue": "Disabled"
            }
        },
        {
            "type": "Microsoft.Sql/servers/databases/advisors",
            "apiVersion": "2014-04-01",
            "name": "[concat(parameters('servers_southridge_sqlserver_554ogvehbm5mq_name'), '/CloudSales/DefragmentIndex')]",
            "dependsOn": [
                "[resourceId('Microsoft.Sql/servers/databases', parameters('servers_southridge_sqlserver_554ogvehbm5mq_name'), 'CloudSales')]",
                "[resourceId('Microsoft.Sql/servers', parameters('servers_southridge_sqlserver_554ogvehbm5mq_name'))]"
            ],
            "properties": {
                "autoExecuteValue": "Disabled"
            }
        },
        {
            "type": "Microsoft.Sql/servers/databases/advisors",
            "apiVersion": "2014-04-01",
            "name": "[concat(parameters('servers_southridge_sqlserver_554ogvehbm5mq_name'), '/CloudStreaming/DefragmentIndex')]",
            "dependsOn": [
                "[resourceId('Microsoft.Sql/servers/databases', parameters('servers_southridge_sqlserver_554ogvehbm5mq_name'), 'CloudStreaming')]",
                "[resourceId('Microsoft.Sql/servers', parameters('servers_southridge_sqlserver_554ogvehbm5mq_name'))]"
            ],
            "properties": {
                "autoExecuteValue": "Disabled"
            }
        },
        {
            "type": "Microsoft.Sql/servers/databases/advisors",
            "apiVersion": "2014-04-01",
            "name": "[concat(parameters('servers_southridge_sqlserver_554ogvehbm5mq_name'), '/CloudSales/DropIndex')]",
            "dependsOn": [
                "[resourceId('Microsoft.Sql/servers/databases', parameters('servers_southridge_sqlserver_554ogvehbm5mq_name'), 'CloudSales')]",
                "[resourceId('Microsoft.Sql/servers', parameters('servers_southridge_sqlserver_554ogvehbm5mq_name'))]"
            ],
            "properties": {
                "autoExecuteValue": "Disabled"
            }
        },
        {
            "type": "Microsoft.Sql/servers/databases/advisors",
            "apiVersion": "2014-04-01",
            "name": "[concat(parameters('servers_southridge_sqlserver_554ogvehbm5mq_name'), '/CloudStreaming/DropIndex')]",
            "dependsOn": [
                "[resourceId('Microsoft.Sql/servers/databases', parameters('servers_southridge_sqlserver_554ogvehbm5mq_name'), 'CloudStreaming')]",
                "[resourceId('Microsoft.Sql/servers', parameters('servers_southridge_sqlserver_554ogvehbm5mq_name'))]"
            ],
            "properties": {
                "autoExecuteValue": "Disabled"
            }
        },
        {
            "type": "Microsoft.Sql/servers/databases/advisors",
            "apiVersion": "2014-04-01",
            "name": "[concat(parameters('servers_southridge_sqlserver_554ogvehbm5mq_name'), '/CloudSales/ForceLastGoodPlan')]",
            "dependsOn": [
                "[resourceId('Microsoft.Sql/servers/databases', parameters('servers_southridge_sqlserver_554ogvehbm5mq_name'), 'CloudSales')]",
                "[resourceId('Microsoft.Sql/servers', parameters('servers_southridge_sqlserver_554ogvehbm5mq_name'))]"
            ],
            "properties": {
                "autoExecuteValue": "Disabled"
            }
        },
        {
            "type": "Microsoft.Sql/servers/databases/advisors",
            "apiVersion": "2014-04-01",
            "name": "[concat(parameters('servers_southridge_sqlserver_554ogvehbm5mq_name'), '/CloudStreaming/ForceLastGoodPlan')]",
            "dependsOn": [
                "[resourceId('Microsoft.Sql/servers/databases', parameters('servers_southridge_sqlserver_554ogvehbm5mq_name'), 'CloudStreaming')]",
                "[resourceId('Microsoft.Sql/servers', parameters('servers_southridge_sqlserver_554ogvehbm5mq_name'))]"
            ],
            "properties": {
                "autoExecuteValue": "Disabled"
            }
        },
        {
            "type": "Microsoft.Sql/servers/databases/auditingPolicies",
            "apiVersion": "2014-04-01",
            "name": "[concat(parameters('servers_southridge_sqlserver_554ogvehbm5mq_name'), '/CloudSales/Default')]",
            "location": "East US",
            "dependsOn": [
                "[resourceId('Microsoft.Sql/servers/databases', parameters('servers_southridge_sqlserver_554ogvehbm5mq_name'), 'CloudSales')]",
                "[resourceId('Microsoft.Sql/servers', parameters('servers_southridge_sqlserver_554ogvehbm5mq_name'))]"
            ],
            "properties": {
                "auditingState": "Disabled"
            }
        },
        {
            "type": "Microsoft.Sql/servers/databases/auditingPolicies",
            "apiVersion": "2014-04-01",
            "name": "[concat(parameters('servers_southridge_sqlserver_554ogvehbm5mq_name'), '/CloudStreaming/Default')]",
            "location": "East US",
            "dependsOn": [
                "[resourceId('Microsoft.Sql/servers/databases', parameters('servers_southridge_sqlserver_554ogvehbm5mq_name'), 'CloudStreaming')]",
                "[resourceId('Microsoft.Sql/servers', parameters('servers_southridge_sqlserver_554ogvehbm5mq_name'))]"
            ],
            "properties": {
                "auditingState": "Disabled"
            }
        },
        {
            "type": "Microsoft.Sql/servers/databases/auditingSettings",
            "apiVersion": "2017-03-01-preview",
            "name": "[concat(parameters('servers_southridge_sqlserver_554ogvehbm5mq_name'), '/CloudSales/Default')]",
            "dependsOn": [
                "[resourceId('Microsoft.Sql/servers/databases', parameters('servers_southridge_sqlserver_554ogvehbm5mq_name'), 'CloudSales')]",
                "[resourceId('Microsoft.Sql/servers', parameters('servers_southridge_sqlserver_554ogvehbm5mq_name'))]"
            ],
            "properties": {
                "state": "Disabled",
                "retentionDays": 0,
                "storageAccountSubscriptionId": "00000000-0000-0000-0000-000000000000",
                "isStorageSecondaryKeyInUse": false,
                "isAzureMonitorTargetEnabled": false
            }
        },
        {
            "type": "Microsoft.Sql/servers/databases/auditingSettings",
            "apiVersion": "2017-03-01-preview",
            "name": "[concat(parameters('servers_southridge_sqlserver_554ogvehbm5mq_name'), '/CloudStreaming/Default')]",
            "dependsOn": [
                "[resourceId('Microsoft.Sql/servers/databases', parameters('servers_southridge_sqlserver_554ogvehbm5mq_name'), 'CloudStreaming')]",
                "[resourceId('Microsoft.Sql/servers', parameters('servers_southridge_sqlserver_554ogvehbm5mq_name'))]"
            ],
            "properties": {
                "state": "Disabled",
                "retentionDays": 0,
                "storageAccountSubscriptionId": "00000000-0000-0000-0000-000000000000",
                "isStorageSecondaryKeyInUse": false,
                "isAzureMonitorTargetEnabled": false
            }
        },
        {
            "type": "Microsoft.Sql/servers/databases/backupShortTermRetentionPolicies",
            "apiVersion": "2017-10-01-preview",
            "name": "[concat(parameters('servers_southridge_sqlserver_554ogvehbm5mq_name'), '/CloudSales/default')]",
            "dependsOn": [
                "[resourceId('Microsoft.Sql/servers/databases', parameters('servers_southridge_sqlserver_554ogvehbm5mq_name'), 'CloudSales')]",
                "[resourceId('Microsoft.Sql/servers', parameters('servers_southridge_sqlserver_554ogvehbm5mq_name'))]"
            ],
            "properties": {
                "retentionDays": 7
            }
        },
        {
            "type": "Microsoft.Sql/servers/databases/backupShortTermRetentionPolicies",
            "apiVersion": "2017-10-01-preview",
            "name": "[concat(parameters('servers_southridge_sqlserver_554ogvehbm5mq_name'), '/CloudStreaming/default')]",
            "dependsOn": [
                "[resourceId('Microsoft.Sql/servers/databases', parameters('servers_southridge_sqlserver_554ogvehbm5mq_name'), 'CloudStreaming')]",
                "[resourceId('Microsoft.Sql/servers', parameters('servers_southridge_sqlserver_554ogvehbm5mq_name'))]"
            ],
            "properties": {
                "retentionDays": 7
            }
        },
        {
            "type": "Microsoft.Sql/servers/databases/extendedAuditingSettings",
            "apiVersion": "2017-03-01-preview",
            "name": "[concat(parameters('servers_southridge_sqlserver_554ogvehbm5mq_name'), '/CloudSales/Default')]",
            "dependsOn": [
                "[resourceId('Microsoft.Sql/servers/databases', parameters('servers_southridge_sqlserver_554ogvehbm5mq_name'), 'CloudSales')]",
                "[resourceId('Microsoft.Sql/servers', parameters('servers_southridge_sqlserver_554ogvehbm5mq_name'))]"
            ],
            "properties": {
                "state": "Disabled",
                "retentionDays": 0,
                "storageAccountSubscriptionId": "00000000-0000-0000-0000-000000000000",
                "isStorageSecondaryKeyInUse": false,
                "isAzureMonitorTargetEnabled": false
            }
        },
        {
            "type": "Microsoft.Sql/servers/databases/extendedAuditingSettings",
            "apiVersion": "2017-03-01-preview",
            "name": "[concat(parameters('servers_southridge_sqlserver_554ogvehbm5mq_name'), '/CloudStreaming/Default')]",
            "dependsOn": [
                "[resourceId('Microsoft.Sql/servers/databases', parameters('servers_southridge_sqlserver_554ogvehbm5mq_name'), 'CloudStreaming')]",
                "[resourceId('Microsoft.Sql/servers', parameters('servers_southridge_sqlserver_554ogvehbm5mq_name'))]"
            ],
            "properties": {
                "state": "Disabled",
                "retentionDays": 0,
                "storageAccountSubscriptionId": "00000000-0000-0000-0000-000000000000",
                "isStorageSecondaryKeyInUse": false,
                "isAzureMonitorTargetEnabled": false
            }
        },
        {
            "type": "Microsoft.Sql/servers/databases/geoBackupPolicies",
            "apiVersion": "2014-04-01",
            "name": "[concat(parameters('servers_southridge_sqlserver_554ogvehbm5mq_name'), '/CloudSales/Default')]",
            "location": "East US",
            "dependsOn": [
                "[resourceId('Microsoft.Sql/servers/databases', parameters('servers_southridge_sqlserver_554ogvehbm5mq_name'), 'CloudSales')]",
                "[resourceId('Microsoft.Sql/servers', parameters('servers_southridge_sqlserver_554ogvehbm5mq_name'))]"
            ],
            "properties": {
                "state": "Enabled"
            }
        },
        {
            "type": "Microsoft.Sql/servers/databases/geoBackupPolicies",
            "apiVersion": "2014-04-01",
            "name": "[concat(parameters('servers_southridge_sqlserver_554ogvehbm5mq_name'), '/CloudStreaming/Default')]",
            "location": "East US",
            "dependsOn": [
                "[resourceId('Microsoft.Sql/servers/databases', parameters('servers_southridge_sqlserver_554ogvehbm5mq_name'), 'CloudStreaming')]",
                "[resourceId('Microsoft.Sql/servers', parameters('servers_southridge_sqlserver_554ogvehbm5mq_name'))]"
            ],
            "properties": {
                "state": "Enabled"
            }
        },
        {
            "type": "Microsoft.Sql/servers/databases/securityAlertPolicies",
            "apiVersion": "2018-06-01-preview",
            "name": "[concat(parameters('servers_southridge_sqlserver_554ogvehbm5mq_name'), '/CloudSales/Default')]",
            "dependsOn": [
                "[resourceId('Microsoft.Sql/servers/databases', parameters('servers_southridge_sqlserver_554ogvehbm5mq_name'), 'CloudSales')]",
                "[resourceId('Microsoft.Sql/servers', parameters('servers_southridge_sqlserver_554ogvehbm5mq_name'))]"
            ],
            "properties": {
                "state": "Disabled",
                "disabledAlerts": [
                    ""
                ],
                "emailAddresses": [
                    ""
                ],
                "emailAccountAdmins": false,
                "retentionDays": 0
            }
        },
        {
            "type": "Microsoft.Sql/servers/databases/securityAlertPolicies",
            "apiVersion": "2018-06-01-preview",
            "name": "[concat(parameters('servers_southridge_sqlserver_554ogvehbm5mq_name'), '/CloudStreaming/Default')]",
            "dependsOn": [
                "[resourceId('Microsoft.Sql/servers/databases', parameters('servers_southridge_sqlserver_554ogvehbm5mq_name'), 'CloudStreaming')]",
                "[resourceId('Microsoft.Sql/servers', parameters('servers_southridge_sqlserver_554ogvehbm5mq_name'))]"
            ],
            "properties": {
                "state": "Disabled",
                "disabledAlerts": [
                    ""
                ],
                "emailAddresses": [
                    ""
                ],
                "emailAccountAdmins": false,
                "retentionDays": 0
            }
        },
        {
            "type": "Microsoft.Sql/servers/databases/transparentDataEncryption",
            "apiVersion": "2014-04-01",
            "name": "[concat(parameters('servers_southridge_sqlserver_554ogvehbm5mq_name'), '/CloudSales/current')]",
            "location": "East US",
            "dependsOn": [
                "[resourceId('Microsoft.Sql/servers/databases', parameters('servers_southridge_sqlserver_554ogvehbm5mq_name'), 'CloudSales')]",
                "[resourceId('Microsoft.Sql/servers', parameters('servers_southridge_sqlserver_554ogvehbm5mq_name'))]"
            ],
            "properties": {
                "status": "Enabled"
            }
        },
        {
            "type": "Microsoft.Sql/servers/databases/transparentDataEncryption",
            "apiVersion": "2014-04-01",
            "name": "[concat(parameters('servers_southridge_sqlserver_554ogvehbm5mq_name'), '/CloudStreaming/current')]",
            "location": "East US",
            "dependsOn": [
                "[resourceId('Microsoft.Sql/servers/databases', parameters('servers_southridge_sqlserver_554ogvehbm5mq_name'), 'CloudStreaming')]",
                "[resourceId('Microsoft.Sql/servers', parameters('servers_southridge_sqlserver_554ogvehbm5mq_name'))]"
            ],
            "properties": {
                "status": "Enabled"
            }
        },
        {
            "type": "Microsoft.Sql/servers/databases/vulnerabilityAssessments",
            "apiVersion": "2017-03-01-preview",
            "name": "[concat(parameters('servers_southridge_sqlserver_554ogvehbm5mq_name'), '/CloudSales/Default')]",
            "dependsOn": [
                "[resourceId('Microsoft.Sql/servers/databases', parameters('servers_southridge_sqlserver_554ogvehbm5mq_name'), 'CloudSales')]",
                "[resourceId('Microsoft.Sql/servers', parameters('servers_southridge_sqlserver_554ogvehbm5mq_name'))]"
            ],
            "properties": {
                "recurringScans": {
                    "isEnabled": false,
                    "emailSubscriptionAdmins": true
                }
            }
        },
        {
            "type": "Microsoft.Sql/servers/databases/vulnerabilityAssessments",
            "apiVersion": "2017-03-01-preview",
            "name": "[concat(parameters('servers_southridge_sqlserver_554ogvehbm5mq_name'), '/CloudStreaming/Default')]",
            "dependsOn": [
                "[resourceId('Microsoft.Sql/servers/databases', parameters('servers_southridge_sqlserver_554ogvehbm5mq_name'), 'CloudStreaming')]",
                "[resourceId('Microsoft.Sql/servers', parameters('servers_southridge_sqlserver_554ogvehbm5mq_name'))]"
            ],
            "properties": {
                "recurringScans": {
                    "isEnabled": false,
                    "emailSubscriptionAdmins": true
                }
            }
        },
        {
            "type": "Microsoft.DocumentDB/databaseAccounts/sqlDatabases/containers/throughputSettings",
            "apiVersion": "2019-08-01",
            "name": "[concat(parameters('databaseAccounts_southridge_catalog_554ogvehbm5mq_name'), '/southridge/movies/default')]",
            "dependsOn": [
                "[resourceId('Microsoft.DocumentDB/databaseAccounts/sqlDatabases/containers', parameters('databaseAccounts_southridge_catalog_554ogvehbm5mq_name'), 'southridge', 'movies')]",
                "[resourceId('Microsoft.DocumentDB/databaseAccounts/sqlDatabases', parameters('databaseAccounts_southridge_catalog_554ogvehbm5mq_name'), 'southridge')]",
                "[resourceId('Microsoft.DocumentDB/databaseAccounts', parameters('databaseAccounts_southridge_catalog_554ogvehbm5mq_name'))]"
            ],
            "properties": {
                "resource": {
                    "throughput": 1000
                }
            }
        },
        {
            "type": "Microsoft.Network/networkInterfaces",
            "apiVersion": "2019-09-01",
            "name": "[parameters('networkInterfaces_FourthCoffee_NIC_name')]",
            "location": "eastus",
            "dependsOn": [
                "[resourceId('Microsoft.Network/publicIPAddresses', parameters('publicIPAddresses_FourthCoffee_PIP_name'))]",
                "[resourceId('Microsoft.Network/virtualNetworks/subnets', parameters('virtualNetworks_FourthCoffee_VNet_name'), 'default')]",
                "[resourceId('Microsoft.Network/networkSecurityGroups', parameters('networkSecurityGroups_FourthCoffee_NSG_name'))]"
            ],
            "properties": {
                "ipConfigurations": [
                    {
                        "name": "ipconfig1",
                        "properties": {
                            "privateIPAddress": "10.0.0.4",
                            "privateIPAllocationMethod": "Dynamic",
                            "publicIPAddress": {
                                "id": "[resourceId('Microsoft.Network/publicIPAddresses', parameters('publicIPAddresses_FourthCoffee_PIP_name'))]"
                            },
                            "subnet": {
                                "id": "[resourceId('Microsoft.Network/virtualNetworks/subnets', parameters('virtualNetworks_FourthCoffee_VNet_name'), 'default')]"
                            },
                            "primary": true,
                            "privateIPAddressVersion": "IPv4"
                        }
                    }
                ],
                "dnsSettings": {
                    "dnsServers": []
                },
                "enableAcceleratedNetworking": true,
                "enableIPForwarding": false,
                "networkSecurityGroup": {
                    "id": "[resourceId('Microsoft.Network/networkSecurityGroups', parameters('networkSecurityGroups_FourthCoffee_NSG_name'))]"
                }
            }
        },
        {
            "type": "Microsoft.Network/networkInterfaces",
            "apiVersion": "2019-09-01",
            "name": "[parameters('networkInterfaces_VanArsdelLtd_NIC_name')]",
            "location": "eastus",
            "dependsOn": [
                "[resourceId('Microsoft.Network/publicIPAddresses', parameters('publicIPAddresses_VanArsdelLtd_PIP_name'))]",
                "[resourceId('Microsoft.Network/virtualNetworks/subnets', parameters('virtualNetworks_VanArsdelLtd_VNet_name'), 'default')]",
                "[resourceId('Microsoft.Network/networkSecurityGroups', parameters('networkSecurityGroups_VanArsdelLtd_NSG_name'))]"
            ],
            "properties": {
                "ipConfigurations": [
                    {
                        "name": "ipconfig1",
                        "properties": {
                            "privateIPAddress": "10.0.0.4",
                            "privateIPAllocationMethod": "Dynamic",
                            "publicIPAddress": {
                                "id": "[resourceId('Microsoft.Network/publicIPAddresses', parameters('publicIPAddresses_VanArsdelLtd_PIP_name'))]"
                            },
                            "subnet": {
                                "id": "[resourceId('Microsoft.Network/virtualNetworks/subnets', parameters('virtualNetworks_VanArsdelLtd_VNet_name'), 'default')]"
                            },
                            "primary": true,
                            "privateIPAddressVersion": "IPv4"
                        }
                    }
                ],
                "dnsSettings": {
                    "dnsServers": []
                },
                "enableAcceleratedNetworking": true,
                "enableIPForwarding": false,
                "networkSecurityGroup": {
                    "id": "[resourceId('Microsoft.Network/networkSecurityGroups', parameters('networkSecurityGroups_VanArsdelLtd_NSG_name'))]"
                }
            }
        }
    ]
}